{
  "best_cost": 0.2157784478096255,
  "W1_N": 1.6689155610467246e-05,
  "ID1_N": 0.000379269019073225,
  "W1C_N": 5.350160911476276e-06
}